Repository,File Name,Class,Level
<<<<<<< HEAD
test,test,importStatement,B1
test,test,aggregatingModuleExpression,B1
=======
bestbags-nodejs-ecommerce,products,varModifier,A1
bestbags-nodejs-ecommerce,products,arguments,A2
bestbags-nodejs-ecommerce,products,varModifier,A1
bestbags-nodejs-ecommerce,products,arguments,A2
bestbags-nodejs-ecommerce,products,varModifier,A1
bestbags-nodejs-ecommerce,products,arguments,A2
bestbags-nodejs-ecommerce,products,varModifier,A1
bestbags-nodejs-ecommerce,products,arguments,A2
bestbags-nodejs-ecommerce,products,varModifier,A1
bestbags-nodejs-ecommerce,products,arguments,A2
bestbags-nodejs-ecommerce,products,arguments,A2
bestbags-nodejs-ecommerce,products,anonymousFunction,A1
bestbags-nodejs-ecommerce,products,arrowFunctionParameters,A1
bestbags-nodejs-ecommerce,products,formalParameterList,A1
bestbags-nodejs-ecommerce,products,varModifier,A1
bestbags-nodejs-ecommerce,products,arguments,A2
bestbags-nodejs-ecommerce,products,varModifier,A1
bestbags-nodejs-ecommerce,products,arguments,A2
bestbags-nodejs-ecommerce,products,varModifier,A1
bestbags-nodejs-ecommerce,products,varModifier,A1
bestbags-nodejs-ecommerce,products,parseInt,A2
bestbags-nodejs-ecommerce,products,parseInt,A2
bestbags-nodejs-ecommerce,products,arguments,A2
bestbags-nodejs-ecommerce,products,tryStatement,A2
bestbags-nodejs-ecommerce,products,varModifier,A1
bestbags-nodejs-ecommerce,products,arguments,A2
bestbags-nodejs-ecommerce,products,objectLiteral,A1
bestbags-nodejs-ecommerce,products,arguments,A2
bestbags-nodejs-ecommerce,products,arguments,A2
bestbags-nodejs-ecommerce,products,arguments,A2
bestbags-nodejs-ecommerce,products,arguments,A2
bestbags-nodejs-ecommerce,products,varModifier,A1
bestbags-nodejs-ecommerce,products,arguments,A2
bestbags-nodejs-ecommerce,products,arguments,A2
bestbags-nodejs-ecommerce,products,objectLiteral,A1
bestbags-nodejs-ecommerce,products,Math,A1
bestbags-nodejs-ecommerce,products,Math,A1
bestbags-nodejs-ecommerce,products,arguments,A2
bestbags-nodejs-ecommerce,products,arguments,A2
bestbags-nodejs-ecommerce,products,arguments,A2
bestbags-nodejs-ecommerce,products,arguments,A2
bestbags-nodejs-ecommerce,products,anonymousFunction,A1
bestbags-nodejs-ecommerce,products,arrowFunctionParameters,A1
bestbags-nodejs-ecommerce,products,formalParameterList,A1
bestbags-nodejs-ecommerce,products,varModifier,A1
bestbags-nodejs-ecommerce,products,varModifier,A1
bestbags-nodejs-ecommerce,products,parseInt,A2
bestbags-nodejs-ecommerce,products,parseInt,A2
bestbags-nodejs-ecommerce,products,arguments,A2
bestbags-nodejs-ecommerce,products,varModifier,A1
bestbags-nodejs-ecommerce,products,arguments,A2
bestbags-nodejs-ecommerce,products,varModifier,A1
bestbags-nodejs-ecommerce,products,arguments,A2
bestbags-nodejs-ecommerce,products,tryStatement,A2
bestbags-nodejs-ecommerce,products,varModifier,A1
bestbags-nodejs-ecommerce,products,arguments,A2
bestbags-nodejs-ecommerce,products,objectLiteral,A1
bestbags-nodejs-ecommerce,products,objectLiteral,A1
bestbags-nodejs-ecommerce,products,arguments,A2
bestbags-nodejs-ecommerce,products,arguments,A2
bestbags-nodejs-ecommerce,products,arguments,A2
bestbags-nodejs-ecommerce,products,arguments,A2
bestbags-nodejs-ecommerce,products,arguments,A2
bestbags-nodejs-ecommerce,products,varModifier,A1
bestbags-nodejs-ecommerce,products,arguments,A2
bestbags-nodejs-ecommerce,products,objectLiteral,A1
bestbags-nodejs-ecommerce,products,objectLiteral,A1
bestbags-nodejs-ecommerce,products,arguments,A2
bestbags-nodejs-ecommerce,products,objectLiteral,A1
bestbags-nodejs-ecommerce,products,Math,A1
bestbags-nodejs-ecommerce,products,Math,A1
bestbags-nodejs-ecommerce,products,arguments,A2
bestbags-nodejs-ecommerce,products,arguments,A2
bestbags-nodejs-ecommerce,products,arguments,A2
bestbags-nodejs-ecommerce,products,arguments,A2
bestbags-nodejs-ecommerce,products,anonymousFunction,A1
bestbags-nodejs-ecommerce,products,arrowFunctionParameters,A1
bestbags-nodejs-ecommerce,products,formalParameterList,A1
bestbags-nodejs-ecommerce,products,varModifier,A1
bestbags-nodejs-ecommerce,products,arguments,A2
bestbags-nodejs-ecommerce,products,varModifier,A1
bestbags-nodejs-ecommerce,products,arguments,A2
bestbags-nodejs-ecommerce,products,varModifier,A1
bestbags-nodejs-ecommerce,products,varModifier,A1
bestbags-nodejs-ecommerce,products,parseInt,A2
bestbags-nodejs-ecommerce,products,parseInt,A2
bestbags-nodejs-ecommerce,products,arguments,A2
bestbags-nodejs-ecommerce,products,tryStatement,A2
bestbags-nodejs-ecommerce,products,varModifier,A1
bestbags-nodejs-ecommerce,products,arguments,A2
bestbags-nodejs-ecommerce,products,objectLiteral,A1
bestbags-nodejs-ecommerce,products,varModifier,A1
bestbags-nodejs-ecommerce,products,arguments,A2
bestbags-nodejs-ecommerce,products,objectLiteral,A1
bestbags-nodejs-ecommerce,products,arguments,A2
bestbags-nodejs-ecommerce,products,arguments,A2
bestbags-nodejs-ecommerce,products,arguments,A2
bestbags-nodejs-ecommerce,products,arguments,A2
bestbags-nodejs-ecommerce,products,varModifier,A1
bestbags-nodejs-ecommerce,products,arguments,A2
bestbags-nodejs-ecommerce,products,objectLiteral,A1
bestbags-nodejs-ecommerce,products,arguments,A2
bestbags-nodejs-ecommerce,products,objectLiteral,A1
bestbags-nodejs-ecommerce,products,toString,A1
bestbags-nodejs-ecommerce,products,arguments,A2
bestbags-nodejs-ecommerce,products,Math,A1
bestbags-nodejs-ecommerce,products,Math,A1
bestbags-nodejs-ecommerce,products,arguments,A2
bestbags-nodejs-ecommerce,products,arguments,A2
bestbags-nodejs-ecommerce,products,returnStatement,A1
bestbags-nodejs-ecommerce,products,arguments,A2
bestbags-nodejs-ecommerce,products,arguments,A2
bestbags-nodejs-ecommerce,products,anonymousFunction,A1
bestbags-nodejs-ecommerce,products,arrowFunctionParameters,A1
bestbags-nodejs-ecommerce,products,formalParameterList,A1
bestbags-nodejs-ecommerce,products,varModifier,A1
bestbags-nodejs-ecommerce,products,arguments,A2
bestbags-nodejs-ecommerce,products,varModifier,A1
bestbags-nodejs-ecommerce,products,arguments,A2
bestbags-nodejs-ecommerce,products,tryStatement,A2
bestbags-nodejs-ecommerce,products,varModifier,A1
bestbags-nodejs-ecommerce,products,arguments,A2
bestbags-nodejs-ecommerce,products,arguments,A2
bestbags-nodejs-ecommerce,products,arguments,A2
bestbags-nodejs-ecommerce,products,objectLiteral,A1
bestbags-nodejs-ecommerce,products,arguments,A2
bestbags-nodejs-ecommerce,products,returnStatement,A1
bestbags-nodejs-ecommerce,products,arguments,A2
bestbags-nodejs-ecommerce,user,varModifier,A1
bestbags-nodejs-ecommerce,user,arguments,A2
bestbags-nodejs-ecommerce,user,varModifier,A1
bestbags-nodejs-ecommerce,user,arguments,A2
bestbags-nodejs-ecommerce,user,varModifier,A1
bestbags-nodejs-ecommerce,user,arguments,A2
bestbags-nodejs-ecommerce,user,varModifier,A1
bestbags-nodejs-ecommerce,user,arguments,A2
bestbags-nodejs-ecommerce,user,varModifier,A1
bestbags-nodejs-ecommerce,user,arguments,A2
bestbags-nodejs-ecommerce,user,varModifier,A1
bestbags-nodejs-ecommerce,user,arguments,A2
bestbags-nodejs-ecommerce,user,varModifier,A1
bestbags-nodejs-ecommerce,user,arguments,A2
bestbags-nodejs-ecommerce,user,varModifier,A1
bestbags-nodejs-ecommerce,user,arguments,A2
bestbags-nodejs-ecommerce,user,varModifier,A1
bestbags-nodejs-ecommerce,user,arguments,A2
bestbags-nodejs-ecommerce,user,varModifier,A1
bestbags-nodejs-ecommerce,user,objectLiteral,A1
bestbags-nodejs-ecommerce,user,arguments,A2
bestbags-nodejs-ecommerce,user,varModifier,A1
bestbags-nodejs-ecommerce,user,arguments,A2
bestbags-nodejs-ecommerce,user,arguments,A2
bestbags-nodejs-ecommerce,user,arguments,A2
bestbags-nodejs-ecommerce,user,anonymousFunction,A1
bestbags-nodejs-ecommerce,user,arrowFunctionParameters,A1
bestbags-nodejs-ecommerce,user,formalParameterList,A1
bestbags-nodejs-ecommerce,user,varModifier,A1
bestbags-nodejs-ecommerce,user,arguments,A2
bestbags-nodejs-ecommerce,user,arguments,A2
bestbags-nodejs-ecommerce,user,objectLiteral,A1
bestbags-nodejs-ecommerce,user,arguments,A2
bestbags-nodejs-ecommerce,user,arguments,A2
bestbags-nodejs-ecommerce,user,arrayLiteral,A1
bestbags-nodejs-ecommerce,user,arguments,A2
bestbags-nodejs-ecommerce,user,arguments,A2
bestbags-nodejs-ecommerce,user,objectLiteral,A1
bestbags-nodejs-ecommerce,user,anonymousFunction,A1
bestbags-nodejs-ecommerce,user,arrowFunctionParameters,A1
bestbags-nodejs-ecommerce,user,formalParameterList,A1
bestbags-nodejs-ecommerce,user,tryStatement,A2
bestbags-nodejs-ecommerce,user,ifStatement,A1
bestbags-nodejs-ecommerce,user,varModifier,A1
bestbags-nodejs-ecommerce,user,arguments,A2
bestbags-nodejs-ecommerce,user,arguments,A2
bestbags-nodejs-ecommerce,user,ifStatement,A1
bestbags-nodejs-ecommerce,user,varModifier,A1
bestbags-nodejs-ecommerce,user,arguments,A2
bestbags-nodejs-ecommerce,user,arguments,A2
bestbags-nodejs-ecommerce,user,arguments,A2
bestbags-nodejs-ecommerce,user,arguments,A2
bestbags-nodejs-ecommerce,user,message,A2
bestbags-nodejs-ecommerce,user,returnStatement,A1
bestbags-nodejs-ecommerce,user,arguments,A2
bestbags-nodejs-ecommerce,user,arguments,A2
bestbags-nodejs-ecommerce,user,anonymousFunction,A1
bestbags-nodejs-ecommerce,user,arrowFunctionParameters,A1
bestbags-nodejs-ecommerce,user,formalParameterList,A1
bestbags-nodejs-ecommerce,user,varModifier,A1
bestbags-nodejs-ecommerce,user,arguments,A2
bestbags-nodejs-ecommerce,user,arguments,A2
bestbags-nodejs-ecommerce,user,objectLiteral,A1
bestbags-nodejs-ecommerce,user,arguments,A2
bestbags-nodejs-ecommerce,user,arguments,A2
bestbags-nodejs-ecommerce,user,arrayLiteral,A1
bestbags-nodejs-ecommerce,user,arguments,A2
bestbags-nodejs-ecommerce,user,arguments,A2
bestbags-nodejs-ecommerce,user,objectLiteral,A1
bestbags-nodejs-ecommerce,user,anonymousFunction,A1
bestbags-nodejs-ecommerce,user,arrowFunctionParameters,A1
bestbags-nodejs-ecommerce,user,formalParameterList,A1
bestbags-nodejs-ecommerce,user,tryStatement,A2
bestbags-nodejs-ecommerce,user,varModifier,A1
bestbags-nodejs-ecommerce,user,arguments,A2
bestbags-nodejs-ecommerce,user,objectLiteral,A1
bestbags-nodejs-ecommerce,user,ifStatement,A1
bestbags-nodejs-ecommerce,user,varModifier,A1
bestbags-nodejs-ecommerce,user,arguments,A2
bestbags-nodejs-ecommerce,user,arguments,A2
bestbags-nodejs-ecommerce,user,ifStatement,A1
bestbags-nodejs-ecommerce,user,ifStatement,A1
bestbags-nodejs-ecommerce,user,varModifier,A1
bestbags-nodejs-ecommerce,user,arguments,A2
bestbags-nodejs-ecommerce,user,arguments,A2
bestbags-nodejs-ecommerce,user,arguments,A2
bestbags-nodejs-ecommerce,user,arguments,A2
bestbags-nodejs-ecommerce,user,message,A2
bestbags-nodejs-ecommerce,user,returnStatement,A1
bestbags-nodejs-ecommerce,user,arguments,A2
bestbags-nodejs-ecommerce,user,arguments,A2
bestbags-nodejs-ecommerce,user,anonymousFunction,A1
bestbags-nodejs-ecommerce,user,arrowFunctionParameters,A1
bestbags-nodejs-ecommerce,user,formalParameterList,A1
bestbags-nodejs-ecommerce,user,varModifier,A1
bestbags-nodejs-ecommerce,user,arguments,A2
bestbags-nodejs-ecommerce,user,varModifier,A1
bestbags-nodejs-ecommerce,user,arguments,A2
bestbags-nodejs-ecommerce,user,tryStatement,A2
bestbags-nodejs-ecommerce,user,arguments,A2
bestbags-nodejs-ecommerce,user,objectLiteral,A1
bestbags-nodejs-ecommerce,user,arguments,A2
bestbags-nodejs-ecommerce,user,objectLiteral,A1
bestbags-nodejs-ecommerce,user,arguments,A2
bestbags-nodejs-ecommerce,user,returnStatement,A1
bestbags-nodejs-ecommerce,user,arguments,A2
bestbags-nodejs-ecommerce,user,arguments,A2
bestbags-nodejs-ecommerce,user,anonymousFunction,A1
bestbags-nodejs-ecommerce,user,arrowFunctionParameters,A1
bestbags-nodejs-ecommerce,user,formalParameterList,A1
bestbags-nodejs-ecommerce,user,arguments,A2
bestbags-nodejs-ecommerce,user,arguments,A2
bestbags-nodejs-ecommerce,index,varModifier,A1
bestbags-nodejs-ecommerce,index,arguments,A2
bestbags-nodejs-ecommerce,index,varModifier,A1
bestbags-nodejs-ecommerce,index,arguments,A2
bestbags-nodejs-ecommerce,index,varModifier,A1
bestbags-nodejs-ecommerce,index,arguments,A2
bestbags-nodejs-ecommerce,index,arguments,A2
bestbags-nodejs-ecommerce,index,varModifier,A1
bestbags-nodejs-ecommerce,index,arguments,A2
bestbags-nodejs-ecommerce,index,varModifier,A1
bestbags-nodejs-ecommerce,index,arguments,A2
bestbags-nodejs-ecommerce,index,varModifier,A1
bestbags-nodejs-ecommerce,index,arguments,A2
bestbags-nodejs-ecommerce,index,varModifier,A1
bestbags-nodejs-ecommerce,index,arguments,A2
bestbags-nodejs-ecommerce,index,varModifier,A1
bestbags-nodejs-ecommerce,index,arguments,A2
bestbags-nodejs-ecommerce,index,varModifier,A1
bestbags-nodejs-ecommerce,index,arguments,A2
bestbags-nodejs-ecommerce,index,varModifier,A1
bestbags-nodejs-ecommerce,index,arguments,A2
bestbags-nodejs-ecommerce,index,arguments,A2
bestbags-nodejs-ecommerce,index,arguments,A2
bestbags-nodejs-ecommerce,index,anonymousFunction,A1
bestbags-nodejs-ecommerce,index,arrowFunctionParameters,A1
bestbags-nodejs-ecommerce,index,formalParameterList,A1
bestbags-nodejs-ecommerce,index,tryStatement,A2
bestbags-nodejs-ecommerce,index,varModifier,A1
bestbags-nodejs-ecommerce,index,arguments,A2
bestbags-nodejs-ecommerce,index,objectLiteral,A1
bestbags-nodejs-ecommerce,index,arguments,A2
bestbags-nodejs-ecommerce,index,arguments,A2
bestbags-nodejs-ecommerce,index,arguments,A2
bestbags-nodejs-ecommerce,index,objectLiteral,A1
bestbags-nodejs-ecommerce,index,arguments,A2
bestbags-nodejs-ecommerce,index,arguments,A2
bestbags-nodejs-ecommerce,index,arguments,A2
bestbags-nodejs-ecommerce,index,anonymousFunction,A1
bestbags-nodejs-ecommerce,index,arrowFunctionParameters,A1
bestbags-nodejs-ecommerce,index,formalParameterList,A1
bestbags-nodejs-ecommerce,index,varModifier,A1
bestbags-nodejs-ecommerce,index,tryStatement,A2
bestbags-nodejs-ecommerce,index,varModifier,A1
bestbags-nodejs-ecommerce,index,ifStatement,A1
bestbags-nodejs-ecommerce,index,arguments,A2
bestbags-nodejs-ecommerce,index,objectLiteral,A1
bestbags-nodejs-ecommerce,index,varModifier,A1
bestbags-nodejs-ecommerce,index,ifStatement,A1
bestbags-nodejs-ecommerce,index,arguments,A2
bestbags-nodejs-ecommerce,index,ifStatement,A1
bestbags-nodejs-ecommerce,index,arguments,A2
bestbags-nodejs-ecommerce,index,objectLiteral,A1
bestbags-nodejs-ecommerce,index,varModifier,A1
bestbags-nodejs-ecommerce,index,arguments,A2
bestbags-nodejs-ecommerce,index,varModifier,A1
bestbags-nodejs-ecommerce,index,arguments,A2
bestbags-nodejs-ecommerce,index,anonymousFunction,A1
bestbags-nodejs-ecommerce,index,arrowFunctionParameters,A1
bestbags-nodejs-ecommerce,index,formalParameterList,A1
bestbags-nodejs-ecommerce,index,ifStatement,A1
bestbags-nodejs-ecommerce,index,assignmentOperator,A1
bestbags-nodejs-ecommerce,index,push,A1
bestbags-nodejs-ecommerce,index,arguments,A2
bestbags-nodejs-ecommerce,index,objectLiteral,A1
bestbags-nodejs-ecommerce,index,assignmentOperator,A1
bestbags-nodejs-ecommerce,index,ifStatement,A1
bestbags-nodejs-ecommerce,index,arguments,A2
bestbags-nodejs-ecommerce,index,arguments,A2
bestbags-nodejs-ecommerce,index,arguments,A2
bestbags-nodejs-ecommerce,index,arguments,A2
bestbags-nodejs-ecommerce,index,message,A2
bestbags-nodejs-ecommerce,index,arguments,A2
bestbags-nodejs-ecommerce,index,arguments,A2
bestbags-nodejs-ecommerce,index,anonymousFunction,A1
bestbags-nodejs-ecommerce,index,arrowFunctionParameters,A1
bestbags-nodejs-ecommerce,index,formalParameterList,A1
bestbags-nodejs-ecommerce,index,tryStatement,A2
bestbags-nodejs-ecommerce,index,varModifier,A1
bestbags-nodejs-ecommerce,index,ifStatement,A1
bestbags-nodejs-ecommerce,index,arguments,A2
bestbags-nodejs-ecommerce,index,objectLiteral,A1
bestbags-nodejs-ecommerce,index,ifStatement,A1
bestbags-nodejs-ecommerce,index,returnStatement,A1
bestbags-nodejs-ecommerce,index,arguments,A2
bestbags-nodejs-ecommerce,index,objectLiteral,A1
bestbags-nodejs-ecommerce,index,arguments,A2
bestbags-nodejs-ecommerce,index,ifStatement,A1
bestbags-nodejs-ecommerce,index,returnStatement,A1
bestbags-nodejs-ecommerce,index,arguments,A2
bestbags-nodejs-ecommerce,index,objectLiteral,A1
bestbags-nodejs-ecommerce,index,returnStatement,A1
bestbags-nodejs-ecommerce,index,arguments,A2
bestbags-nodejs-ecommerce,index,objectLiteral,A1
bestbags-nodejs-ecommerce,index,arguments,A2
bestbags-nodejs-ecommerce,index,arguments,A2
bestbags-nodejs-ecommerce,index,message,A2
bestbags-nodejs-ecommerce,index,arguments,A2
bestbags-nodejs-ecommerce,index,arguments,A2
bestbags-nodejs-ecommerce,index,anonymousFunction,A1
bestbags-nodejs-ecommerce,index,formalParameterList,A1
bestbags-nodejs-ecommerce,index,varModifier,A1
bestbags-nodejs-ecommerce,index,varModifier,A1
bestbags-nodejs-ecommerce,index,tryStatement,A2
bestbags-nodejs-ecommerce,index,ifStatement,A1
bestbags-nodejs-ecommerce,index,arguments,A2
bestbags-nodejs-ecommerce,index,objectLiteral,A1
bestbags-nodejs-ecommerce,index,ifStatement,A1
bestbags-nodejs-ecommerce,index,arguments,A2
bestbags-nodejs-ecommerce,index,varModifier,A1
bestbags-nodejs-ecommerce,index,arguments,A2
bestbags-nodejs-ecommerce,index,anonymousFunction,A1
bestbags-nodejs-ecommerce,index,arrowFunctionParameters,A1
bestbags-nodejs-ecommerce,index,formalParameterList,A1
bestbags-nodejs-ecommerce,index,ifStatement,A1
bestbags-nodejs-ecommerce,index,varModifier,A1
bestbags-nodejs-ecommerce,index,arguments,A2
bestbags-nodejs-ecommerce,index,assignmentOperator,A1
bestbags-nodejs-ecommerce,index,assignmentOperator,A1
bestbags-nodejs-ecommerce,index,ifStatement,A1
bestbags-nodejs-ecommerce,index,remove,B2
bestbags-nodejs-ecommerce,index,arguments,A2
bestbags-nodejs-ecommerce,index,objectLiteral,A1
bestbags-nodejs-ecommerce,index,ifStatement,A1
bestbags-nodejs-ecommerce,index,arguments,A2
bestbags-nodejs-ecommerce,index,ifStatement,A1
bestbags-nodejs-ecommerce,index,arguments,A2
bestbags-nodejs-ecommerce,index,arguments,A2
bestbags-nodejs-ecommerce,index,arguments,A2
bestbags-nodejs-ecommerce,index,message,A2
bestbags-nodejs-ecommerce,index,arguments,A2
bestbags-nodejs-ecommerce,index,arguments,A2
bestbags-nodejs-ecommerce,index,anonymousFunction,A1
bestbags-nodejs-ecommerce,index,formalParameterList,A1
bestbags-nodejs-ecommerce,index,varModifier,A1
bestbags-nodejs-ecommerce,index,varModifier,A1
bestbags-nodejs-ecommerce,index,tryStatement,A2
bestbags-nodejs-ecommerce,index,ifStatement,A1
bestbags-nodejs-ecommerce,index,arguments,A2
bestbags-nodejs-ecommerce,index,objectLiteral,A1
bestbags-nodejs-ecommerce,index,ifStatement,A1
bestbags-nodejs-ecommerce,index,arguments,A2
bestbags-nodejs-ecommerce,index,varModifier,A1
bestbags-nodejs-ecommerce,index,arguments,A2
bestbags-nodejs-ecommerce,index,anonymousFunction,A1
bestbags-nodejs-ecommerce,index,arrowFunctionParameters,A1
bestbags-nodejs-ecommerce,index,formalParameterList,A1
bestbags-nodejs-ecommerce,index,ifStatement,A1
bestbags-nodejs-ecommerce,index,assignmentOperator,A1
bestbags-nodejs-ecommerce,index,assignmentOperator,A1
bestbags-nodejs-ecommerce,index,remove,B2
bestbags-nodejs-ecommerce,index,arguments,A2
bestbags-nodejs-ecommerce,index,objectLiteral,A1
bestbags-nodejs-ecommerce,index,ifStatement,A1
bestbags-nodejs-ecommerce,index,arguments,A2
bestbags-nodejs-ecommerce,index,ifStatement,A1
bestbags-nodejs-ecommerce,index,arguments,A2
bestbags-nodejs-ecommerce,index,arguments,A2
bestbags-nodejs-ecommerce,index,arguments,A2
bestbags-nodejs-ecommerce,index,message,A2
bestbags-nodejs-ecommerce,index,arguments,A2
bestbags-nodejs-ecommerce,index,arguments,A2
bestbags-nodejs-ecommerce,index,anonymousFunction,A1
bestbags-nodejs-ecommerce,index,arrowFunctionParameters,A1
bestbags-nodejs-ecommerce,index,formalParameterList,A1
bestbags-nodejs-ecommerce,index,varModifier,A1
bestbags-nodejs-ecommerce,index,arguments,A2
bestbags-nodejs-ecommerce,index,ifStatement,A1
bestbags-nodejs-ecommerce,index,returnStatement,A1
bestbags-nodejs-ecommerce,index,arguments,A2
bestbags-nodejs-ecommerce,index,arguments,A2
bestbags-nodejs-ecommerce,index,varModifier,A1
bestbags-nodejs-ecommerce,index,arguments,A2
bestbags-nodejs-ecommerce,index,arguments,A2
bestbags-nodejs-ecommerce,index,objectLiteral,A1
bestbags-nodejs-ecommerce,index,arguments,A2
bestbags-nodejs-ecommerce,index,arguments,A2
bestbags-nodejs-ecommerce,index,anonymousFunction,A1
bestbags-nodejs-ecommerce,index,arrowFunctionParameters,A1
bestbags-nodejs-ecommerce,index,formalParameterList,A1
bestbags-nodejs-ecommerce,index,ifStatement,A1
bestbags-nodejs-ecommerce,index,returnStatement,A1
bestbags-nodejs-ecommerce,index,arguments,A2
bestbags-nodejs-ecommerce,index,varModifier,A1
bestbags-nodejs-ecommerce,index,arguments,A2
bestbags-nodejs-ecommerce,index,arguments,A2
bestbags-nodejs-ecommerce,index,objectLiteral,A1
bestbags-nodejs-ecommerce,index,anonymousFunction,A1
bestbags-nodejs-ecommerce,index,formalParameterList,A1
bestbags-nodejs-ecommerce,index,ifStatement,A1
bestbags-nodejs-ecommerce,index,arguments,A2
bestbags-nodejs-ecommerce,index,message,A2
bestbags-nodejs-ecommerce,index,arguments,A2
bestbags-nodejs-ecommerce,index,returnStatement,A1
bestbags-nodejs-ecommerce,index,arguments,A2
bestbags-nodejs-ecommerce,index,varModifier,A1
bestbags-nodejs-ecommerce,index,arguments,A2
bestbags-nodejs-ecommerce,index,objectLiteral,A1
bestbags-nodejs-ecommerce,index,objectLiteral,A1
bestbags-nodejs-ecommerce,index,arguments,A2
bestbags-nodejs-ecommerce,index,anonymousFunction,A1
bestbags-nodejs-ecommerce,index,arrowFunctionParameters,A1
bestbags-nodejs-ecommerce,index,formalParameterList,A1
bestbags-nodejs-ecommerce,index,ifStatement,A1
bestbags-nodejs-ecommerce,index,arguments,A2
bestbags-nodejs-ecommerce,index,returnStatement,A1
bestbags-nodejs-ecommerce,index,arguments,A2
bestbags-nodejs-ecommerce,index,arguments,A2
bestbags-nodejs-ecommerce,index,arguments,A2
bestbags-nodejs-ecommerce,index,arguments,A2
bestbags-nodejs-ecommerce,index,arguments,A2
bestbags-nodejs-ecommerce,index,anonymousFunction,A1
bestbags-nodejs-ecommerce,index,formalParameterList,A1
bestbags-nodejs-ecommerce,index,varModifier,A1
bestbags-nodejs-ecommerce,index,arrayLiteral,A1
bestbags-nodejs-ecommerce,index,iterationStatement,A1
bestbags-nodejs-ecommerce,index,varModifier,A1
bestbags-nodejs-ecommerce,index,varModifier,A1
bestbags-nodejs-ecommerce,index,arguments,A2
bestbags-nodejs-ecommerce,index,arguments,A2
bestbags-nodejs-ecommerce,index,arguments,A2
bestbags-nodejs-ecommerce,index,push,A1
bestbags-nodejs-ecommerce,index,arguments,A2
bestbags-nodejs-ecommerce,index,returnStatement,A1
bestbags-nodejs-ecommerce,admin,varModifier,A1
bestbags-nodejs-ecommerce,admin,arguments,A2
bestbags-nodejs-ecommerce,admin,varModifier,A1
bestbags-nodejs-ecommerce,admin,arguments,A2
bestbags-nodejs-ecommerce,admin,varModifier,A1
bestbags-nodejs-ecommerce,admin,arguments,A2
bestbags-nodejs-ecommerce,admin,varModifier,A1
bestbags-nodejs-ecommerce,admin,arguments,A2
bestbags-nodejs-ecommerce,admin,varModifier,A1
bestbags-nodejs-ecommerce,admin,arguments,A2
bestbags-nodejs-ecommerce,admin,varModifier,A1
bestbags-nodejs-ecommerce,admin,arguments,A2
bestbags-nodejs-ecommerce,admin,varModifier,A1
bestbags-nodejs-ecommerce,admin,arguments,A2
bestbags-nodejs-ecommerce,admin,varModifier,A1
bestbags-nodejs-ecommerce,admin,arguments,A2
bestbags-nodejs-ecommerce,admin,arguments,A2
bestbags-nodejs-ecommerce,admin,varModifier,A1
bestbags-nodejs-ecommerce,admin,arguments,A2
bestbags-nodejs-ecommerce,admin,varModifier,A1
bestbags-nodejs-ecommerce,admin,arguments,A2
bestbags-nodejs-ecommerce,admin,varModifier,A1
bestbags-nodejs-ecommerce,admin,arguments,A2
bestbags-nodejs-ecommerce,admin,objectLiteral,A1
bestbags-nodejs-ecommerce,admin,arrayLiteral,A1
bestbags-nodejs-ecommerce,admin,objectLiteral,A1
bestbags-nodejs-ecommerce,admin,arrayLiteral,A1
bestbags-nodejs-ecommerce,admin,objectLiteral,A1
bestbags-nodejs-ecommerce,admin,objectLiteral,A1
bestbags-nodejs-ecommerce,admin,objectLiteral,A1
bestbags-nodejs-ecommerce,admin,objectLiteral,A1
bestbags-nodejs-ecommerce,admin,objectLiteral,A1
bestbags-nodejs-ecommerce,admin,objectLiteral,A1
bestbags-nodejs-ecommerce,admin,filter,A2
bestbags-nodejs-ecommerce,admin,objectLiteral,A1
bestbags-nodejs-ecommerce,admin,objectLiteral,A1
bestbags-nodejs-ecommerce,admin,filter,A2
bestbags-nodejs-ecommerce,admin,objectLiteral,A1
bestbags-nodejs-ecommerce,admin,objectLiteral,A1
bestbags-nodejs-ecommerce,admin,objectLiteral,A1
bestbags-nodejs-ecommerce,admin,objectLiteral,A1
bestbags-nodejs-ecommerce,admin,filter,A2
bestbags-nodejs-ecommerce,admin,objectLiteral,A1
bestbags-nodejs-ecommerce,admin,arguments,A2
bestbags-nodejs-ecommerce,admin,objectLiteral,A1
bestbags-nodejs-ecommerce,admin,objectLiteral,A1
bestbags-nodejs-ecommerce,admin,objectLiteral,A1
bestbags-nodejs-ecommerce,admin,objectLiteral,A1
bestbags-nodejs-ecommerce,admin,objectLiteral,A1
bestbags-nodejs-ecommerce,admin,objectLiteral,A1
bestbags-nodejs-ecommerce,admin,filter,A2
bestbags-nodejs-ecommerce,admin,objectLiteral,A1
bestbags-nodejs-ecommerce,admin,objectLiteral,A1
bestbags-nodejs-ecommerce,admin,objectLiteral,A1
bestbags-nodejs-ecommerce,admin,objectLiteral,A1
bestbags-nodejs-ecommerce,admin,objectLiteral,A1
bestbags-nodejs-ecommerce,admin,objectLiteral,A1
bestbags-nodejs-ecommerce,admin,objectLiteral,A1
bestbags-nodejs-ecommerce,admin,objectLiteral,A1
bestbags-nodejs-ecommerce,admin,filter,A2
bestbags-nodejs-ecommerce,admin,objectLiteral,A1
bestbags-nodejs-ecommerce,admin,objectLiteral,A1
bestbags-nodejs-ecommerce,admin,filter,A2
bestbags-nodejs-ecommerce,admin,objectLiteral,A1
bestbags-nodejs-ecommerce,admin,objectLiteral,A1
bestbags-nodejs-ecommerce,admin,filter,A2
bestbags-nodejs-ecommerce,admin,objectLiteral,A1
bestbags-nodejs-ecommerce,admin,objectLiteral,A1
bestbags-nodejs-ecommerce,admin,filter,A2
bestbags-nodejs-ecommerce,admin,objectLiteral,A1
bestbags-nodejs-ecommerce,admin,objectLiteral,A1
bestbags-nodejs-ecommerce,admin,filter,A2
bestbags-nodejs-ecommerce,admin,objectLiteral,A1
bestbags-nodejs-ecommerce,admin,arguments,A2
bestbags-nodejs-ecommerce,admin,objectLiteral,A1
bestbags-nodejs-ecommerce,admin,objectLiteral,A1
bestbags-nodejs-ecommerce,admin,filter,A2
bestbags-nodejs-ecommerce,admin,objectLiteral,A1
bestbags-nodejs-ecommerce,admin,objectLiteral,A1
bestbags-nodejs-ecommerce,admin,filter,A2
bestbags-nodejs-ecommerce,admin,objectLiteral,A1
bestbags-nodejs-ecommerce,admin,objectLiteral,A1
bestbags-nodejs-ecommerce,admin,filter,A2
bestbags-nodejs-ecommerce,admin,objectLiteral,A1
bestbags-nodejs-ecommerce,admin,objectLiteral,A1
bestbags-nodejs-ecommerce,admin,objectLiteral,A1
bestbags-nodejs-ecommerce,admin,objectLiteral,A1
bestbags-nodejs-ecommerce,admin,objectLiteral,A1
bestbags-nodejs-ecommerce,admin,objectLiteral,A1
bestbags-nodejs-ecommerce,admin,filter,A2
bestbags-nodejs-ecommerce,admin,objectLiteral,A1
bestbags-nodejs-ecommerce,admin,objectLiteral,A1
bestbags-nodejs-ecommerce,admin,filter,A2
bestbags-nodejs-ecommerce,admin,objectLiteral,A1
bestbags-nodejs-ecommerce,admin,objectLiteral,A1
bestbags-nodejs-ecommerce,admin,objectLiteral,A1
bestbags-nodejs-ecommerce,admin,objectLiteral,A1
bestbags-nodejs-ecommerce,admin,objectLiteral,A1
bestbags-nodejs-ecommerce,admin,objectLiteral,A1
bestbags-nodejs-ecommerce,admin,arguments,A2
bestbags-nodejs-ecommerce,admin,varModifier,A1
bestbags-nodejs-ecommerce,admin,objectLiteral,A1
bestbags-nodejs-ecommerce,admin,varModifier,A1
bestbags-nodejs-ecommerce,admin,arguments,A2
bestbags-nodejs-ecommerce,admin,objectLiteral,A1
bestbags-nodejs-ecommerce,admin,anonymousFunction,A1
bestbags-nodejs-ecommerce,admin,arrowFunctionParameters,A1
bestbags-nodejs-ecommerce,admin,formalParameterList,A1
bestbags-nodejs-ecommerce,admin,ifStatement,A1
bestbags-nodejs-ecommerce,admin,returnStatement,A1
bestbags-nodejs-ecommerce,admin,returnStatement,A1
bestbags-nodejs-ecommerce,pages,varModifier,A1
bestbags-nodejs-ecommerce,pages,arguments,A2
bestbags-nodejs-ecommerce,pages,varModifier,A1
bestbags-nodejs-ecommerce,pages,arguments,A2
bestbags-nodejs-ecommerce,pages,varModifier,A1
bestbags-nodejs-ecommerce,pages,arguments,A2
bestbags-nodejs-ecommerce,pages,varModifier,A1
bestbags-nodejs-ecommerce,pages,arguments,A2
bestbags-nodejs-ecommerce,pages,varModifier,A1
bestbags-nodejs-ecommerce,pages,objectLiteral,A1
bestbags-nodejs-ecommerce,pages,arguments,A2
bestbags-nodejs-ecommerce,pages,varModifier,A1
bestbags-nodejs-ecommerce,pages,arguments,A2
bestbags-nodejs-ecommerce,pages,arguments,A2
bestbags-nodejs-ecommerce,pages,arguments,A2
bestbags-nodejs-ecommerce,pages,anonymousFunction,A1
bestbags-nodejs-ecommerce,pages,arrowFunctionParameters,A1
bestbags-nodejs-ecommerce,pages,formalParameterList,A1
bestbags-nodejs-ecommerce,pages,arguments,A2
bestbags-nodejs-ecommerce,pages,objectLiteral,A1
bestbags-nodejs-ecommerce,pages,arguments,A2
bestbags-nodejs-ecommerce,pages,anonymousFunction,A1
bestbags-nodejs-ecommerce,pages,arrowFunctionParameters,A1
bestbags-nodejs-ecommerce,pages,formalParameterList,A1
bestbags-nodejs-ecommerce,pages,arguments,A2
bestbags-nodejs-ecommerce,pages,objectLiteral,A1
bestbags-nodejs-ecommerce,pages,arguments,A2
bestbags-nodejs-ecommerce,pages,anonymousFunction,A1
bestbags-nodejs-ecommerce,pages,arrowFunctionParameters,A1
bestbags-nodejs-ecommerce,pages,formalParameterList,A1
bestbags-nodejs-ecommerce,pages,arguments,A2
bestbags-nodejs-ecommerce,pages,objectLiteral,A1
bestbags-nodejs-ecommerce,pages,arguments,A2
bestbags-nodejs-ecommerce,pages,anonymousFunction,A1
bestbags-nodejs-ecommerce,pages,arrowFunctionParameters,A1
bestbags-nodejs-ecommerce,pages,formalParameterList,A1
bestbags-nodejs-ecommerce,pages,varModifier,A1
bestbags-nodejs-ecommerce,pages,arguments,A2
bestbags-nodejs-ecommerce,pages,varModifier,A1
bestbags-nodejs-ecommerce,pages,arguments,A2
bestbags-nodejs-ecommerce,pages,arguments,A2
bestbags-nodejs-ecommerce,pages,objectLiteral,A1
bestbags-nodejs-ecommerce,pages,arguments,A2
bestbags-nodejs-ecommerce,pages,arguments,A2
bestbags-nodejs-ecommerce,pages,arrayLiteral,A1
bestbags-nodejs-ecommerce,pages,arguments,A2
bestbags-nodejs-ecommerce,pages,anonymousFunction,A1
bestbags-nodejs-ecommerce,pages,arrowFunctionParameters,A1
bestbags-nodejs-ecommerce,pages,formalParameterList,A1
bestbags-nodejs-ecommerce,pages,varModifier,A1
bestbags-nodejs-ecommerce,pages,arguments,A2
bestbags-nodejs-ecommerce,pages,objectLiteral,A1
bestbags-nodejs-ecommerce,pages,objectLiteral,A1
bestbags-nodejs-ecommerce,pages,objectLiteral,A1
bestbags-nodejs-ecommerce,pages,varModifier,A1
bestbags-nodejs-ecommerce,pages,objectLiteral,A1
bestbags-nodejs-ecommerce,pages,reservedWord,B1
bestbags-nodejs-ecommerce,pages,message,A2
bestbags-nodejs-ecommerce,pages,arguments,A2
bestbags-nodejs-ecommerce,pages,anonymousFunction,A1
bestbags-nodejs-ecommerce,pages,arrowFunctionParameters,A1
bestbags-nodejs-ecommerce,pages,formalParameterList,A1
bestbags-nodejs-ecommerce,pages,ifStatement,A1
bestbags-nodejs-ecommerce,pages,arguments,A2
bestbags-nodejs-ecommerce,pages,returnStatement,A1
bestbags-nodejs-ecommerce,pages,arguments,A2
bestbags-nodejs-ecommerce,pages,arguments,A2
bestbags-nodejs-ecommerce,pages,returnStatement,A1
bestbags-nodejs-ecommerce,pages,arguments,A2
bestbags-nodejs-ecommerce,app,arguments,A2
bestbags-nodejs-ecommerce,app,arguments,A2
bestbags-nodejs-ecommerce,app,varModifier,A1
bestbags-nodejs-ecommerce,app,arguments,A2
bestbags-nodejs-ecommerce,app,varModifier,A1
bestbags-nodejs-ecommerce,app,arguments,A2
bestbags-nodejs-ecommerce,app,varModifier,A1
bestbags-nodejs-ecommerce,app,arguments,A2
bestbags-nodejs-ecommerce,app,varModifier,A1
bestbags-nodejs-ecommerce,app,arguments,A2
bestbags-nodejs-ecommerce,app,varModifier,A1
bestbags-nodejs-ecommerce,app,arguments,A2
bestbags-nodejs-ecommerce,app,varModifier,A1
bestbags-nodejs-ecommerce,app,arguments,A2
bestbags-nodejs-ecommerce,app,varModifier,A1
bestbags-nodejs-ecommerce,app,arguments,A2
bestbags-nodejs-ecommerce,app,varModifier,A1
bestbags-nodejs-ecommerce,app,arguments,A2
bestbags-nodejs-ecommerce,app,varModifier,A1
bestbags-nodejs-ecommerce,app,arguments,A2
bestbags-nodejs-ecommerce,app,varModifier,A1
bestbags-nodejs-ecommerce,app,arguments,A2
bestbags-nodejs-ecommerce,app,varModifier,A1
bestbags-nodejs-ecommerce,app,arguments,A2
bestbags-nodejs-ecommerce,app,arguments,A2
bestbags-nodejs-ecommerce,app,varModifier,A1
bestbags-nodejs-ecommerce,app,arguments,A2
bestbags-nodejs-ecommerce,app,varModifier,A1
bestbags-nodejs-ecommerce,app,arguments,A2
bestbags-nodejs-ecommerce,app,arguments,A2
bestbags-nodejs-ecommerce,app,arguments,A2
bestbags-nodejs-ecommerce,app,arguments,A2
bestbags-nodejs-ecommerce,app,join,A1
bestbags-nodejs-ecommerce,app,arguments,A2
bestbags-nodejs-ecommerce,app,arguments,A2
bestbags-nodejs-ecommerce,app,varModifier,A1
bestbags-nodejs-ecommerce,app,arguments,A2
bestbags-nodejs-ecommerce,app,arguments,A2
bestbags-nodejs-ecommerce,app,arguments,A2
bestbags-nodejs-ecommerce,app,arguments,A2
bestbags-nodejs-ecommerce,app,arguments,A2
bestbags-nodejs-ecommerce,app,arguments,A2
bestbags-nodejs-ecommerce,app,arguments,A2
bestbags-nodejs-ecommerce,app,arguments,A2
bestbags-nodejs-ecommerce,app,objectLiteral,A1
bestbags-nodejs-ecommerce,app,arguments,A2
bestbags-nodejs-ecommerce,app,arguments,A2
bestbags-nodejs-ecommerce,app,arguments,A2
bestbags-nodejs-ecommerce,app,arguments,A2
bestbags-nodejs-ecommerce,app,join,A1
bestbags-nodejs-ecommerce,app,arguments,A2
bestbags-nodejs-ecommerce,app,arguments,A2
bestbags-nodejs-ecommerce,app,arguments,A2
bestbags-nodejs-ecommerce,app,objectLiteral,A1
bestbags-nodejs-ecommerce,app,arguments,A2
bestbags-nodejs-ecommerce,app,objectLiteral,A1
bestbags-nodejs-ecommerce,app,cookie,B2
bestbags-nodejs-ecommerce,app,objectLiteral,A1
bestbags-nodejs-ecommerce,app,arguments,A2
bestbags-nodejs-ecommerce,app,arguments,A2
bestbags-nodejs-ecommerce,app,arguments,A2
bestbags-nodejs-ecommerce,app,arguments,A2
bestbags-nodejs-ecommerce,app,arguments,A2
bestbags-nodejs-ecommerce,app,arguments,A2
bestbags-nodejs-ecommerce,app,arguments,A2
bestbags-nodejs-ecommerce,app,anonymousFunction,A1
bestbags-nodejs-ecommerce,app,arrowFunctionParameters,A1
bestbags-nodejs-ecommerce,app,formalParameterList,A1
bestbags-nodejs-ecommerce,app,tryStatement,A2
bestbags-nodejs-ecommerce,app,arguments,A2
bestbags-nodejs-ecommerce,app,varModifier,A1
bestbags-nodejs-ecommerce,app,arguments,A2
bestbags-nodejs-ecommerce,app,objectLiteral,A1
bestbags-nodejs-ecommerce,app,arguments,A2
bestbags-nodejs-ecommerce,app,objectLiteral,A1
bestbags-nodejs-ecommerce,app,arguments,A2
bestbags-nodejs-ecommerce,app,arguments,A2
bestbags-nodejs-ecommerce,app,arguments,A2
bestbags-nodejs-ecommerce,app,arguments,A2
bestbags-nodejs-ecommerce,app,anonymousFunction,A1
bestbags-nodejs-ecommerce,app,formalParameterList,A1
bestbags-nodejs-ecommerce,app,varModifier,A1
bestbags-nodejs-ecommerce,app,arrayLiteral,A1
bestbags-nodejs-ecommerce,app,objectLiteral,A1
bestbags-nodejs-ecommerce,app,arguments,A2
bestbags-nodejs-ecommerce,app,split,A1
bestbags-nodejs-ecommerce,app,arguments,A2
bestbags-nodejs-ecommerce,app,iterationStatement,A1
bestbags-nodejs-ecommerce,app,length,A1
bestbags-nodejs-ecommerce,app,length,A1
bestbags-nodejs-ecommerce,app,objectLiteral,A1
bestbags-nodejs-ecommerce,app,arguments,A2
bestbags-nodejs-ecommerce,app,toUpperCase,A1
bestbags-nodejs-ecommerce,app,arguments,A2
bestbags-nodejs-ecommerce,app,slice,A1
bestbags-nodejs-ecommerce,app,arguments,A2
bestbags-nodejs-ecommerce,app,returnStatement,A1
bestbags-nodejs-ecommerce,app,arguments,A2
bestbags-nodejs-ecommerce,app,anonymousFunction,A1
bestbags-nodejs-ecommerce,app,formalParameterList,A1
bestbags-nodejs-ecommerce,app,arguments,A2
bestbags-nodejs-ecommerce,app,arguments,A2
bestbags-nodejs-ecommerce,app,varModifier,A1
bestbags-nodejs-ecommerce,app,arguments,A2
bestbags-nodejs-ecommerce,app,varModifier,A1
bestbags-nodejs-ecommerce,app,arguments,A2
bestbags-nodejs-ecommerce,app,varModifier,A1
bestbags-nodejs-ecommerce,app,arguments,A2
bestbags-nodejs-ecommerce,app,varModifier,A1
bestbags-nodejs-ecommerce,app,arguments,A2
bestbags-nodejs-ecommerce,app,arguments,A2
bestbags-nodejs-ecommerce,app,arguments,A2
bestbags-nodejs-ecommerce,app,arguments,A2
bestbags-nodejs-ecommerce,app,arguments,A2
bestbags-nodejs-ecommerce,app,arguments,A2
bestbags-nodejs-ecommerce,app,anonymousFunction,A1
bestbags-nodejs-ecommerce,app,formalParameterList,A1
bestbags-nodejs-ecommerce,app,arguments,A2
bestbags-nodejs-ecommerce,app,arguments,A2
bestbags-nodejs-ecommerce,app,arguments,A2
bestbags-nodejs-ecommerce,app,anonymousFunction,A1
bestbags-nodejs-ecommerce,app,formalParameterList,A1
bestbags-nodejs-ecommerce,app,message,A2
bestbags-nodejs-ecommerce,app,message,A2
bestbags-nodejs-ecommerce,app,arguments,A2
bestbags-nodejs-ecommerce,app,objectLiteral,A1
bestbags-nodejs-ecommerce,app,arguments,A2
bestbags-nodejs-ecommerce,app,arguments,A2
bestbags-nodejs-ecommerce,app,varModifier,A1
bestbags-nodejs-ecommerce,app,arguments,A2
bestbags-nodejs-ecommerce,app,arguments,A2
bestbags-nodejs-ecommerce,app,anonymousFunction,A1
bestbags-nodejs-ecommerce,app,arrowFunctionParameters,A1
bestbags-nodejs-ecommerce,app,arguments,A2
>>>>>>> 115f463f447c0b6075dfb2522bc19c0aeed3cbed
